과목코드,과목명,학점
GS001,3D그래픽디자인,3
GS002,게임/애니메이션기업개발론,3
GS003,게임분석및소재론,3
GS004,게임수학,3
GS005,게임엔진,3
GS006,게임엔진활용(Unity3D),3
GS007,데이터베이스,3
GS008,모바일프로그래밍,3
GS009,빅데이터프로젝트(캡스톤디자인),3
GS010,설계패턴,3
GS011,소프트웨어공학,3
GS012,운영체제,3
GS013,윈도우프로그래밍,3
GS014,일반물리,3
GS015,자료구조,3
GS016,지능시스템,3
GS017,컴퓨터구조,3